id,source,target
0,1,2
1,1,3
2,1,4
3,1,5
4,1,6
5,1,7
6,1,8
7,1,9
8,2,4
9,2,6
10,2,3
11,2,8
12,2,5
13,2,10
14,2,7
15,4,6
16,4,8
17,4,10
18,4,3
19,4,11
20,4,5
21,5,3
22,6,8
23,6,10
24,6,11
25,6,12
26,6,3
27,7,5
28,7,3
29,8,10
30,8,11
31,8,12
32,8,13
33,9,7
34,9,5
35,9,3
36,10,11
37,10,12
38,10,13
39,10,14
40,11,12
41,11,13
42,11,14
43,11,15
44,12,13
45,12,14
46,12,15
47,12,16
48,13,14
49,13,15
50,13,16
51,13,17
52,14,15
53,14,16
54,14,17
55,14,18
56,15,16
57,15,17
58,15,18
59,15,19
60,16,17
61,16,18
62,16,19
63,16,20
64,17,18
65,17,19
66,17,20
67,17,21
68,18,19
69,18,20
70,18,21
71,18,22
72,19,20
73,19,21
74,19,22
75,19,23
76,20,21
77,20,22
78,20,23
79,20,24
80,21,22
81,21,23
82,21,24
83,21,25
84,22,23
85,22,24
86,22,25
87,22,26
88,23,24
89,23,25
90,23,26
91,23,27
92,24,25
93,24,26
94,24,27
95,24,28
96,25,26
97,25,27
98,25,28
99,25,29
100,26,27
101,26,28
102,26,29
103,26,30
104,27,28
105,27,29
106,27,30
107,27,31
108,28,29
109,28,30
110,28,31
111,28,32
112,29,30
113,29,31
114,29,32
115,29,33
116,30,31
117,30,32
118,30,33
119,30,34
120,31,32
121,31,33
122,31,34
123,31,35
124,32,33
125,32,34
126,32,35
127,32,36
128,33,34
129,33,35
130,33,36
131,33,37
132,34,35
133,34,36
134,34,37
135,34,38
136,35,36
137,35,37
138,35,38
139,35,39
140,36,37
141,36,38
142,36,39
143,36,40
144,37,38
145,37,39
146,37,40
147,37,41
148,38,39
149,38,40
150,38,41
151,38,42
152,39,40
153,39,41
154,39,42
155,39,43
156,40,41
157,40,42
158,40,43
159,40,44
160,41,42
161,41,43
162,41,44
163,41,45
164,42,43
165,42,44
166,42,45
167,42,46
168,43,44
169,43,45
170,43,46
171,43,47
172,44,45
173,44,46
174,44,47
175,44,48
176,45,46
177,45,47
178,45,48
179,45,49
180,46,47
181,46,48
182,46,49
183,46,50
184,47,48
185,47,49
186,47,50
187,47,51
188,48,49
189,48,50
190,48,51
191,48,52
192,49,50
193,49,51
194,49,52
195,49,53
196,50,51
197,50,52
198,50,53
199,50,54
200,51,52
201,51,53
202,51,54
203,51,55
204,52,53
205,52,54
206,52,55
207,52,56
208,53,54
209,53,55
210,53,56
211,53,57
212,54,55
213,54,56
214,54,57
215,54,58
216,55,56
217,55,57
218,55,58
219,55,59
220,56,57
221,56,58
222,56,59
223,56,60
224,57,58
225,57,59
226,57,60
227,57,61
228,58,59
229,58,60
230,58,61
231,58,62
232,59,60
233,59,61
234,59,62
235,59,63
236,60,61
237,60,62
238,60,63
239,60,64
240,61,62
241,61,63
242,61,64
243,61,65
244,62,63
245,62,64
246,62,65
247,62,66
248,63,64
249,63,65
250,63,66
251,63,67
252,64,65
253,64,66
254,64,67
255,64,68
256,65,66
257,65,67
258,65,68
259,65,69
260,66,67
261,66,68
262,66,69
263,66,70
264,67,68
265,67,69
266,67,70
267,67,71
268,68,69
269,68,70
270,68,71
271,68,72
272,69,70
273,69,71
274,69,72
275,69,73
276,70,71
277,70,72
278,70,73
279,70,74
280,71,72
281,71,73
282,71,74
283,71,75
284,72,73
285,72,74
286,72,75
287,72,76
288,73,74
289,73,75
290,73,76
291,73,77
292,74,75
293,74,76
294,74,77
295,74,78
296,75,76
297,75,77
298,75,78
299,75,79
300,76,77
301,76,78
302,76,79
303,76,80
304,77,78
305,77,79
306,77,80
307,77,81
308,78,79
309,78,80
310,78,81
311,78,82
312,79,80
313,79,81
314,79,82
315,79,83
316,80,81
317,80,82
318,80,83
319,80,84
320,81,82
321,81,83
322,81,84
323,81,85
324,82,83
325,82,84
326,82,85
327,82,86
328,83,84
329,83,85
330,83,86
331,83,87
332,84,85
333,84,86
334,84,87
335,84,88
336,85,86
337,85,87
338,85,88
339,85,89
340,86,87
341,86,88
342,86,89
343,86,90
344,87,88
345,87,89
346,87,90
347,87,91
348,88,89
349,88,90
350,88,91
351,88,92
352,89,90
353,89,91
354,89,92
355,89,93
356,90,91
357,90,92
358,90,93
359,90,94
360,91,92
361,91,93
362,91,94
363,91,95
364,92,93
365,92,94
366,92,95
367,92,96
368,93,94
369,93,95
370,93,96
371,93,97
372,94,95
373,94,96
374,94,97
375,94,98
376,95,96
377,95,97
378,95,98
379,95,99
380,96,97
381,96,98
382,96,99
383,96,100
384,97,98
385,97,99
386,97,100
387,97,101
388,98,99
389,98,100
390,98,101
391,98,102
392,99,100
393,99,101
394,99,102
395,99,103
396,100,101
397,100,102
398,100,103
399,100,104
400,101,102
401,101,103
402,101,104
403,101,105
404,102,103
405,102,104
406,102,105
407,102,106
408,103,104
409,103,105
410,103,106
411,103,107
412,104,105
413,104,106
414,104,107
415,104,108
416,105,106
417,105,107
418,105,108
419,105,109
420,106,107
421,106,108
422,106,109
423,106,110
424,107,108
425,107,109
426,107,110
427,107,111
428,108,109
429,108,110
430,108,111
431,108,112
432,109,110
433,109,111
434,109,112
435,109,113
436,110,111
437,110,112
438,110,113
439,110,114
440,111,112
441,111,113
442,111,114
443,111,115
444,112,113
445,112,114
446,112,115
447,112,116
448,113,114
449,113,115
450,113,116
451,113,117
452,114,115
453,114,116
454,114,117
455,114,118
456,115,116
457,115,117
458,115,118
459,115,119
460,116,117
461,116,118
462,116,119
463,116,120
464,117,118
465,117,119
466,117,120
467,117,121
468,118,119
469,118,120
470,118,121
471,118,122
472,119,120
473,119,121
474,119,122
475,119,123
476,120,121
477,120,122
478,120,123
479,120,124
480,121,122
481,121,123
482,121,124
483,121,125
484,122,123
485,122,124
486,122,125
487,122,126
488,123,124
489,123,125
490,123,126
491,123,127
492,124,125
493,124,126
494,124,127
495,124,128
496,125,126
497,125,127
498,125,128
499,125,129
500,126,127
501,126,128
502,126,129
503,126,130
504,127,128
505,127,129
506,127,130
507,127,131
508,128,129
509,128,130
510,128,131
511,128,132
512,129,130
513,129,131
514,129,132
515,129,133
516,130,131
517,130,132
518,130,133
519,130,134
520,131,132
521,131,133
522,131,134
523,131,135
524,132,133
525,132,134
526,132,135
527,132,136
528,133,134
529,133,135
530,133,136
531,133,137
532,134,135
533,134,136
534,134,137
535,134,138
536,135,136
537,135,137
538,135,138
539,135,139
540,136,137
541,136,138
542,136,139
543,136,140
544,137,138
545,137,139
546,137,140
547,137,141
548,138,139
549,138,140
550,138,141
551,138,142
552,139,140
553,139,141
554,139,142
555,139,143
556,140,141
557,140,142
558,140,143
559,140,144
560,141,142
561,141,143
562,141,144
563,141,145
564,142,143
565,142,144
566,142,145
567,142,146
568,143,144
569,143,145
570,143,146
571,143,147
572,144,145
573,144,146
574,144,147
575,144,148
576,145,146
577,145,147
578,145,148
579,145,149
580,146,147
581,146,148
582,146,149
583,146,150
584,147,148
585,147,149
586,147,150
587,147,151
588,148,149
589,148,150
590,148,151
591,148,152
592,149,150
593,149,151
594,149,152
595,149,153
596,150,151
597,150,152
598,150,153
599,150,154
600,151,152
601,151,153
602,151,154
603,151,155
604,152,153
605,152,154
606,152,155
607,152,156
608,153,154
609,153,155
610,153,156
611,153,157
612,154,155
613,154,156
614,154,157
615,154,158
616,155,156
617,155,157
618,155,158
619,155,159
620,156,157
621,156,158
622,156,159
623,156,160
624,157,158
625,157,159
626,157,160
627,157,161
628,158,159
629,158,160
630,158,161
631,158,162
632,159,160
633,159,161
634,159,162
635,159,163
636,160,161
637,160,162
638,160,163
639,160,164
640,161,162
641,161,163
642,161,164
643,161,165
644,162,163
645,162,164
646,162,165
647,162,166
648,163,164
649,163,165
650,163,166
651,163,167
652,164,165
653,164,166
654,164,167
655,164,168
656,165,166
657,165,167
658,165,168
659,165,169
660,166,167
661,166,168
662,166,169
663,166,170
664,167,168
665,167,169
666,167,170
667,167,171
668,168,169
669,168,170
670,168,171
671,168,172
672,169,170
673,169,171
674,169,172
675,169,173
676,170,171
677,170,172
678,170,173
679,170,174
680,171,172
681,171,173
682,171,174
683,171,175
684,172,173
685,172,174
686,172,175
687,172,176
688,173,174
689,173,175
690,173,176
691,173,177
692,174,175
693,174,176
694,174,177
695,174,178
696,175,176
697,175,177
698,175,178
699,175,179
700,176,177
701,176,178
702,176,179
703,176,180
704,177,178
705,177,179
706,177,180
707,177,181
708,178,179
709,178,180
710,178,181
711,178,182
712,179,180
713,179,181
714,179,182
715,179,183
716,180,181
717,180,182
718,180,183
719,180,184
720,181,182
721,181,183
722,181,184
723,181,185
724,182,183
725,182,184
726,182,185
727,182,186
728,183,184
729,183,185
730,183,186
731,183,187
732,184,185
733,184,186
734,184,187
735,184,188
736,185,186
737,185,187
738,185,188
739,185,189
740,186,187
741,186,188
742,186,189
743,186,190
744,187,188
745,187,189
746,187,190
747,187,191
748,188,189
749,188,190
750,188,191
751,188,192
752,189,190
753,189,191
754,189,192
755,189,193
756,190,191
757,190,192
758,190,193
759,190,194
760,191,192
761,191,193
762,191,194
763,191,195
764,192,193
765,192,194
766,192,195
767,192,196
768,193,194
769,193,195
770,193,196
771,193,197
772,194,195
773,194,196
774,194,197
775,194,198
776,195,196
777,195,197
778,195,198
779,195,199
780,196,197
781,196,198
782,196,199
783,196,200
784,197,198
785,197,199
786,197,200
787,197,201
788,198,199
789,198,200
790,198,201
791,198,202
792,199,200
793,199,201
794,199,202
795,199,203
796,200,201
797,200,202
798,200,203
799,200,204
800,201,202
801,201,203
802,201,204
803,201,205
804,202,203
805,202,204
806,202,205
807,202,206
808,203,204
809,203,205
810,203,206
811,203,207
812,204,205
813,204,206
814,204,207
815,204,208
816,205,206
817,205,207
818,205,208
819,205,209
820,206,207
821,206,208
822,206,209
823,206,210
824,207,208
825,207,209
826,207,210
827,207,211
828,208,209
829,208,210
830,208,211
831,208,212
832,209,210
833,209,211
834,209,212
835,209,213
836,210,211
837,210,212
838,210,213
839,210,214
840,211,212
841,211,213
842,211,214
843,211,215
844,212,213
845,212,214
846,212,215
847,212,216
848,213,214
849,213,215
850,213,216
851,213,217
852,214,215
853,214,216
854,214,217
855,214,218
856,215,216
857,215,217
858,215,218
859,215,219
860,216,217
861,216,218
862,216,219
863,216,220
864,217,218
865,217,219
866,217,220
867,217,221
868,218,219
869,218,220
870,218,221
871,218,222
872,219,220
873,219,221
874,219,222
875,219,223
876,220,221
877,220,222
878,220,223
879,220,224
880,221,222
881,221,223
882,221,224
883,221,225
884,222,223
885,222,224
886,222,225
887,222,226
888,223,224
889,223,225
890,223,226
891,223,227
892,224,225
893,224,226
894,224,227
895,224,228
896,225,226
897,225,227
898,225,228
899,225,229
900,226,227
901,226,228
902,226,229
903,226,230
904,227,228
905,227,229
906,227,230
907,227,231
908,228,229
909,228,230
910,228,231
911,228,232
912,229,230
913,229,231
914,229,232
915,229,233
916,230,231
917,230,232
918,230,233
919,230,234
920,231,232
921,231,233
922,231,234
923,231,235
924,232,233
925,232,234
926,232,235
927,232,236
928,233,234
929,233,235
930,233,236
931,233,237
932,234,235
933,234,236
934,234,237
935,234,238
936,235,236
937,235,237
938,235,238
939,235,239
940,236,237
941,236,238
942,236,239
943,236,240
944,237,238
945,237,239
946,237,240
947,237,241
948,238,239
949,238,240
950,238,241
951,238,242
952,239,240
953,239,241
954,239,242
955,239,243
956,240,241
957,240,242
958,240,243
959,240,244
960,241,242
961,241,243
962,241,244
963,241,245
964,242,243
965,242,244
966,242,245
967,242,246
968,243,244
969,243,245
970,243,246
971,243,247
972,244,245
973,244,246
974,244,247
975,244,248
976,245,246
977,245,247
978,245,248
979,245,249
980,246,247
981,246,248
982,246,249
983,246,250
984,247,248
985,247,249
986,247,250
987,247,251
988,248,249
989,248,250
990,248,251
991,248,252
992,249,250
993,249,251
994,249,252
995,249,253
996,250,251
997,250,252
998,250,253
999,250,254
1000,251,252
1001,251,253
1002,251,254
1003,251,255
1004,252,253
1005,252,254
1006,252,255
1007,252,256
1008,253,254
1009,253,255
1010,253,256
1011,253,257
1012,254,255
1013,254,256
1014,254,257
1015,254,258
1016,255,256
1017,255,257
1018,255,258
1019,255,259
1020,256,257
1021,256,258
1022,256,259
1023,256,260
1024,257,258
1025,257,259
1026,257,260
1027,257,261
1028,258,259
1029,258,260
1030,258,261
1031,258,262
1032,259,260
1033,259,261
1034,259,262
1035,259,263
1036,260,261
1037,260,262
1038,260,263
1039,260,264
1040,261,262
1041,261,263
1042,261,264
1043,261,265
1044,262,263
1045,262,264
1046,262,265
1047,262,266
1048,263,264
1049,263,265
1050,263,266
1051,263,267
1052,264,265
1053,264,266
1054,264,267
1055,264,268
1056,265,266
1057,265,267
1058,265,268
1059,265,269
1060,266,267
1061,266,268
1062,266,269
1063,266,270
1064,267,268
1065,267,269
1066,267,270
1067,267,271
1068,268,269
1069,268,270
1070,268,271
1071,268,272
1072,269,270
1073,269,271
1074,269,272
1075,269,273
1076,270,271
1077,270,272
1078,270,273
1079,270,274
1080,271,272
1081,271,273
1082,271,274
1083,271,275
1084,272,273
1085,272,274
1086,272,275
1087,272,276
1088,273,274
1089,273,275
1090,273,276
1091,273,277
1092,274,275
1093,274,276
1094,274,277
1095,274,278
1096,275,276
1097,275,277
1098,275,278
1099,275,279
1100,276,277
1101,276,278
1102,276,279
1103,276,280
1104,277,278
1105,277,279
1106,277,280
1107,277,281
1108,278,279
1109,278,280
1110,278,281
1111,278,282
1112,279,280
1113,279,281
1114,279,282
1115,279,283
1116,280,281
1117,280,282
1118,280,283
1119,280,284
1120,281,282
1121,281,283
1122,281,284
1123,281,285
1124,282,283
1125,282,284
1126,282,285
1127,282,286
1128,283,284
1129,283,285
1130,283,286
1131,283,287
1132,284,285
1133,284,286
1134,284,287
1135,284,288
1136,285,286
1137,285,287
1138,285,288
1139,285,289
1140,286,287
1141,286,288
1142,286,289
1143,286,290
1144,287,288
1145,287,289
1146,287,290
1147,287,291
1148,288,289
1149,288,290
1150,288,291
1151,288,292
1152,289,290
1153,289,291
1154,289,292
1155,289,293
1156,290,291
1157,290,292
1158,290,293
1159,290,294
1160,291,292
1161,291,293
1162,291,294
1163,291,295
1164,292,293
1165,292,294
1166,292,295
1167,292,296
1168,293,294
1169,293,295
1170,293,296
1171,293,297
1172,294,295
1173,294,296
1174,294,297
1175,294,298
1176,295,296
1177,295,297
1178,295,298
1179,295,299
1180,296,297
1181,296,298
1182,296,299
1183,296,300
1184,297,298
1185,297,299
1186,297,300
1187,297,301
1188,298,299
1189,298,300
1190,298,301
1191,298,302
1192,299,300
1193,299,301
1194,299,302
1195,299,303
1196,300,301
1197,300,302
1198,300,303
1199,300,304
1200,301,302
1201,301,303
1202,301,304
1203,301,305
1204,302,303
1205,302,304
1206,302,305
1207,302,306
1208,303,304
1209,303,305
1210,303,306
1211,303,307
1212,304,305
1213,304,306
1214,304,307
1215,304,308
1216,305,306
1217,305,307
1218,305,308
1219,305,309
1220,306,307
1221,306,308
1222,306,309
1223,306,310
1224,307,308
1225,307,309
1226,307,310
1227,307,311
1228,308,309
1229,308,310
1230,308,311
1231,308,312
1232,309,310
1233,309,311
1234,309,312
1235,309,313
1236,310,311
1237,310,312
1238,310,313
1239,310,314
1240,311,312
1241,311,313
1242,311,314
1243,311,315
1244,312,313
1245,312,314
1246,312,315
1247,312,316
1248,313,314
1249,313,315
1250,313,316
1251,313,317
1252,314,315
1253,314,316
1254,314,317
1255,314,318
1256,315,316
1257,315,317
1258,315,318
1259,315,319
1260,316,317
1261,316,318
1262,316,319
1263,316,320
1264,317,318
1265,317,319
1266,317,320
1267,317,321
1268,318,319
1269,318,320
1270,318,321
1271,318,322
1272,319,320
1273,319,321
1274,319,322
1275,319,323
1276,320,321
1277,320,322
1278,320,323
1279,320,324
1280,321,322
1281,321,323
1282,321,324
1283,321,325
1284,322,323
1285,322,324
1286,322,325
1287,322,326
1288,323,324
1289,323,325
1290,323,326
1291,323,327
1292,324,325
1293,324,326
1294,324,327
1295,324,328
1296,325,326
1297,325,327
1298,325,328
1299,325,329
1300,326,327
1301,326,328
1302,326,329
1303,326,330
1304,327,328
1305,327,329
1306,327,330
1307,327,331
1308,328,329
1309,328,330
1310,328,331
1311,328,332
1312,329,330
1313,329,331
1314,329,332
1315,329,333
1316,330,331
1317,330,332
1318,330,333
1319,330,334
1320,331,332
1321,331,333
1322,331,334
1323,331,335
1324,332,333
1325,332,334
1326,332,335
1327,332,336
1328,333,334
1329,333,335
1330,333,336
1331,333,337
1332,334,335
1333,334,336
1334,334,337
1335,334,338
1336,335,336
1337,335,337
1338,335,338
1339,335,339
1340,336,337
1341,336,338
1342,336,339
1343,336,340
1344,337,338
1345,337,339
1346,337,340
1347,337,341
1348,338,339
1349,338,340
1350,338,341
1351,338,342
1352,339,340
1353,339,341
1354,339,342
1355,339,343
1356,340,341
1357,340,342
1358,340,343
1359,340,344
1360,341,342
1361,341,343
1362,341,344
1363,341,345
1364,342,343
1365,342,344
1366,342,345
1367,342,346
1368,343,344
1369,343,345
1370,343,346
1371,343,347
1372,344,345
1373,344,346
1374,344,347
1375,344,348
1376,345,346
1377,345,347
1378,345,348
1379,345,349
1380,346,347
1381,346,348
1382,346,349
1383,346,350
1384,347,348
1385,347,349
1386,347,350
1387,347,351
1388,348,349
1389,348,350
1390,348,351
1391,348,352
1392,349,350
1393,349,351
1394,349,352
1395,349,353
1396,350,351
1397,350,352
1398,350,353
1399,350,354
1400,351,352
1401,351,353
1402,351,354
1403,351,355
1404,352,353
1405,352,354
1406,352,355
1407,352,356
1408,353,354
1409,353,355
1410,353,356
1411,353,357
1412,354,355
1413,354,356
1414,354,357
1415,354,358
1416,355,356
1417,355,357
1418,355,358
1419,355,359
1420,356,357
1421,356,358
1422,356,359
1423,356,360
1424,357,358
1425,357,359
1426,357,360
1427,357,361
1428,358,359
1429,358,360
1430,358,361
1431,358,362
1432,359,360
1433,359,361
1434,359,362
1435,359,363
1436,360,361
1437,360,362
1438,360,363
1439,360,364
1440,361,362
1441,361,363
1442,361,364
1443,361,365
1444,362,363
1445,362,364
1446,362,365
1447,362,366
1448,363,364
1449,363,365
1450,363,366
1451,363,367
1452,364,365
1453,364,366
1454,364,367
1455,364,368
1456,365,366
1457,365,367
1458,365,368
1459,365,369
1460,366,367
1461,366,368
1462,366,369
1463,366,370
1464,367,368
1465,367,369
1466,367,370
1467,367,371
1468,368,369
1469,368,370
1470,368,371
1471,368,372
1472,369,370
1473,369,371
1474,369,372
1475,369,373
1476,370,371
1477,370,372
1478,370,373
1479,370,374
1480,371,372
1481,371,373
1482,371,374
1483,371,375
1484,372,373
1485,372,374
1486,372,375
1487,372,376
1488,373,374
1489,373,375
1490,373,376
1491,373,377
1492,374,375
1493,374,376
1494,374,377
1495,374,378
1496,375,376
1497,375,377
1498,375,378
1499,375,379
1500,376,377
1501,376,378
1502,376,379
1503,376,380
1504,377,378
1505,377,379
1506,377,380
1507,377,381
1508,378,379
1509,378,380
1510,378,381
1511,378,382
1512,379,380
1513,379,381
1514,379,382
1515,379,383
1516,380,381
1517,380,382
1518,380,383
1519,380,384
1520,381,382
1521,381,383
1522,381,384
1523,381,385
1524,382,383
1525,382,384
1526,382,385
1527,382,386
1528,383,384
1529,383,385
1530,383,386
1531,383,387
1532,384,385
1533,384,386
1534,384,387
1535,384,388
1536,385,386
1537,385,387
1538,385,388
1539,385,389
1540,386,387
1541,386,388
1542,386,389
1543,386,390
1544,387,388
1545,387,389
1546,387,390
1547,387,391
1548,388,389
1549,388,390
1550,388,391
1551,388,392
1552,389,390
1553,389,391
1554,389,392
1555,389,393
1556,390,391
1557,390,392
1558,390,393
1559,390,394
1560,391,392
1561,391,393
1562,391,394
1563,391,395
1564,392,393
1565,392,394
1566,392,395
1567,392,396
1568,393,394
1569,393,395
1570,393,396
1571,393,397
1572,394,395
1573,394,396
1574,394,397
1575,394,398
1576,395,396
1577,395,397
1578,395,398
1579,395,399
1580,396,397
1581,396,398
1582,396,399
1583,396,400
1584,397,398
1585,397,399
1586,397,400
1587,397,401
1588,398,399
1589,398,400
1590,398,401
1591,398,402
1592,399,400
1593,399,401
1594,399,402
1595,399,403
1596,400,401
1597,400,402
1598,400,403
1599,400,404
1600,401,402
1601,401,403
1602,401,404
1603,401,405
1604,402,403
1605,402,404
1606,402,405
1607,402,406
1608,403,404
1609,403,405
1610,403,406
1611,403,407
1612,404,405
1613,404,406
1614,404,407
1615,404,408
1616,405,406
1617,405,407
1618,405,408
1619,405,409
1620,406,407
1621,406,408
1622,406,409
1623,406,410
1624,407,408
1625,407,409
1626,407,410
1627,407,411
1628,408,409
1629,408,410
1630,408,411
1631,408,412
1632,409,410
1633,409,411
1634,409,412
1635,409,413
1636,410,411
1637,410,412
1638,410,413
1639,410,414
1640,411,412
1641,411,413
1642,411,414
1643,411,415
1644,412,413
1645,412,414
1646,412,415
1647,412,416
1648,413,414
1649,413,415
1650,413,416
1651,413,417
1652,414,415
1653,414,416
1654,414,417
1655,414,418
1656,415,416
1657,415,417
1658,415,418
1659,415,419
1660,416,417
1661,416,418
1662,416,419
1663,416,420
1664,417,418
1665,417,419
1666,417,420
1667,417,421
1668,418,419
1669,418,420
1670,418,421
1671,418,422
1672,419,420
1673,419,421
1674,419,422
1675,419,423
1676,420,421
1677,420,422
1678,420,423
1679,420,424
1680,421,422
1681,421,423
1682,421,424
1683,421,425
1684,422,423
1685,422,424
1686,422,425
1687,422,426
1688,423,424
1689,423,425
1690,423,426
1691,423,427
1692,424,425
1693,424,426
1694,424,427
1695,424,428
1696,425,426
1697,425,427
1698,425,428
1699,425,429
1700,426,427
1701,426,428
1702,426,429
1703,426,430
1704,427,428
1705,427,429
1706,427,430
1707,427,431
1708,428,429
1709,428,430
1710,428,431
1711,428,432
1712,429,430
1713,429,431
1714,429,432
1715,429,433
1716,430,431
1717,430,432
1718,430,433
1719,430,434
1720,431,432
1721,431,433
1722,431,434
1723,431,435
1724,432,433
1725,432,434
1726,432,435
1727,432,436
1728,433,434
1729,433,435
1730,433,436
1731,433,437
1732,434,435
1733,434,436
1734,434,437
1735,434,438
1736,435,436
1737,435,437
1738,435,438
1739,435,439
1740,436,437
1741,436,438
1742,436,439
1743,436,440
1744,437,438
1745,437,439
1746,437,440
1747,437,441
1748,438,439
1749,438,440
1750,438,441
1751,438,442
1752,439,440
1753,439,441
1754,439,442
1755,439,443
1756,440,441
1757,440,442
1758,440,443
1759,440,444
1760,441,442
1761,441,443
1762,441,444
1763,441,445
1764,442,443
1765,442,444
1766,442,445
1767,442,446
1768,443,444
1769,443,445
1770,443,446
1771,443,447
1772,444,445
1773,444,446
1774,444,447
1775,444,448
1776,445,446
1777,445,447
1778,445,448
1779,445,449
1780,446,447
1781,446,448
1782,446,449
1783,446,450
1784,447,448
1785,447,449
1786,447,450
1787,447,451
1788,448,449
1789,448,450
1790,448,451
1791,448,452
1792,449,450
1793,449,451
1794,449,452
1795,449,453
1796,450,451
1797,450,452
1798,450,453
1799,450,454
1800,451,452
1801,451,453
1802,451,454
1803,451,455
1804,452,453
1805,452,454
1806,452,455
1807,452,456
1808,453,454
1809,453,455
1810,453,456
1811,453,457
1812,454,455
1813,454,456
1814,454,457
1815,454,458
1816,455,456
1817,455,457
1818,455,458
1819,455,459
1820,456,457
1821,456,458
1822,456,459
1823,456,460
1824,457,458
1825,457,459
1826,457,460
1827,457,461
1828,458,459
1829,458,460
1830,458,461
1831,458,462
1832,459,460
1833,459,461
1834,459,462
1835,459,463
1836,460,461
1837,460,462
1838,460,463
1839,460,464
1840,461,462
1841,461,463
1842,461,464
1843,461,465
1844,462,463
1845,462,464
1846,462,465
1847,462,466
1848,463,464
1849,463,465
1850,463,466
1851,463,467
1852,464,465
1853,464,466
1854,464,467
1855,464,468
1856,465,466
1857,465,467
1858,465,468
1859,465,469
1860,466,467
1861,466,468
1862,466,469
1863,466,470
1864,467,468
1865,467,469
1866,467,470
1867,467,471
1868,468,469
1869,468,470
1870,468,471
1871,468,472
1872,469,470
1873,469,471
1874,469,472
1875,469,473
1876,470,471
1877,470,472
1878,470,473
1879,470,474
1880,471,472
1881,471,473
1882,471,474
1883,471,475
1884,472,473
1885,472,474
1886,472,475
1887,472,476
1888,473,474
1889,473,475
1890,473,476
1891,473,477
1892,474,475
1893,474,476
1894,474,477
1895,474,478
1896,475,476
1897,475,477
1898,475,478
1899,475,479
1900,476,477
1901,476,478
1902,476,479
1903,476,480
1904,477,478
1905,477,479
1906,477,480
1907,477,481
1908,478,479
1909,478,480
1910,478,481
1911,478,482
1912,479,480
1913,479,481
1914,479,482
1915,479,483
1916,480,481
1917,480,482
1918,480,483
1919,480,484
1920,481,482
1921,481,483
1922,481,484
1923,481,485
1924,482,483
1925,482,484
1926,482,485
1927,482,486
1928,483,484
1929,483,485
1930,483,486
1931,483,487
1932,484,485
1933,484,486
1934,484,487
1935,484,488
1936,485,486
1937,485,487
1938,485,488
1939,485,489
1940,486,487
1941,486,488
1942,486,489
1943,486,490
1944,487,488
1945,487,489
1946,487,490
1947,487,491
1948,488,489
1949,488,490
1950,488,491
1951,488,492
1952,489,490
1953,489,491
1954,489,492
1955,489,493
1956,490,491
1957,490,492
1958,490,493
1959,490,494
1960,491,492
1961,491,493
1962,491,494
1963,491,495
1964,492,493
1965,492,494
1966,492,495
1967,492,496
1968,493,494
1969,493,495
1970,493,496
1971,493,497
1972,494,495
1973,494,496
1974,494,497
1975,494,498
1976,495,496
1977,495,497
1978,495,498
1979,495,499
1980,496,497
1981,496,498
1982,496,499
1983,496,500
1984,497,498
1985,497,499
1986,497,500
1987,497,501
1988,498,499
1989,498,500
1990,498,501
1991,498,502
1992,499,500
1993,499,501
1994,499,502
1995,499,503
1996,500,501
1997,500,502
1998,500,503
1999,500,504
2000,501,502
2001,501,503
2002,501,504
2003,501,505
2004,502,503
2005,502,504
2006,502,505
2007,502,506
2008,503,504
2009,503,505
2010,503,506
2011,503,507
2012,504,505
2013,504,506
2014,504,507
2015,504,508
2016,505,506
2017,505,507
2018,505,508
2019,505,509
2020,506,507
2021,506,508
2022,506,509
2023,506,510
2024,507,508
2025,507,509
2026,507,510
2027,507,511
2028,508,509
2029,508,510
2030,508,511
2031,508,512
2032,509,510
2033,509,511
2034,509,512
2035,509,513
2036,510,511
2037,510,512
2038,510,513
2039,510,514
2040,511,512
2041,511,513
2042,511,514
2043,511,515
2044,512,513
2045,512,514
2046,512,515
2047,512,516
2048,513,514
2049,513,515
2050,513,516
2051,513,517
2052,514,515
2053,514,516
2054,514,517
2055,514,518
2056,515,516
2057,515,517
2058,515,518
2059,515,519
2060,516,517
2061,516,518
2062,516,519
2063,516,520
2064,517,518
2065,517,519
2066,517,520
2067,517,521
2068,518,519
2069,518,520
2070,518,521
2071,518,522
2072,519,520
2073,519,521
2074,519,522
2075,519,523
2076,520,521
2077,520,522
2078,520,523
2079,520,524
2080,521,522
2081,521,523
2082,521,524
2083,521,525
2084,522,523
2085,522,524
2086,522,525
2087,522,526
2088,523,524
2089,523,525
2090,523,526
2091,523,527
2092,524,525
2093,524,526
2094,524,527
2095,524,528
2096,525,526
2097,525,527
2098,525,528
2099,525,529
2100,526,527
2101,526,528
2102,526,529
2103,526,530
2104,527,528
2105,527,529
2106,527,530
2107,527,531
2108,528,529
2109,528,530
2110,528,531
2111,528,532
2112,529,530
2113,529,531
2114,529,532
2115,529,533
2116,530,531
2117,530,532
2118,530,533
2119,530,534
2120,531,532
2121,531,533
2122,531,534
2123,531,535
2124,532,533
2125,532,534
2126,532,535
2127,532,536
2128,533,534
2129,533,535
2130,533,536
2131,533,537
2132,534,535
2133,534,536
2134,534,537
2135,534,538
2136,535,536
2137,535,537
2138,535,538
2139,535,539
2140,536,537
2141,536,538
2142,536,539
2143,536,540
2144,537,538
2145,537,539
2146,537,540
2147,537,541
2148,538,539
2149,538,540
2150,538,541
2151,538,542
2152,539,540
2153,539,541
2154,539,542
2155,539,543
2156,540,541
2157,540,542
2158,540,543
2159,540,544
2160,541,542
2161,541,543
2162,541,544
2163,541,545
2164,542,543
2165,542,544
2166,542,545
2167,542,546
2168,543,544
2169,543,545
2170,543,546
2171,543,547
2172,544,545
2173,544,546
2174,544,547
2175,544,548
2176,545,546
2177,545,547
2178,545,548
2179,545,549
2180,546,547
2181,546,548
2182,546,549
2183,546,550
2184,547,548
2185,547,549
2186,547,550
2187,547,551
2188,548,549
2189,548,550
2190,548,551
2191,548,552
2192,549,550
2193,549,551
2194,549,552
2195,549,553
2196,550,551
2197,550,552
2198,550,553
2199,550,554
2200,551,552
2201,551,553
2202,551,554
2203,551,555
2204,552,553
2205,552,554
2206,552,555
2207,552,556
2208,553,554
2209,553,555
2210,553,556
2211,553,557
2212,554,555
2213,554,556
2214,554,557
2215,554,558
2216,555,556
2217,555,557
2218,555,558
2219,555,559
2220,556,557
2221,556,558
2222,556,559
2223,556,560
2224,557,558
2225,557,559
2226,557,560
2227,557,561
2228,558,559
2229,558,560
2230,558,561
2231,558,562
2232,559,560
2233,559,561
2234,559,562
2235,559,563
2236,560,561
2237,560,562
2238,560,563
2239,560,564
2240,561,562
2241,561,563
2242,561,564
2243,561,565
2244,562,563
2245,562,564
2246,562,565
2247,562,566
2248,563,564
2249,563,565
2250,563,566
2251,563,567
2252,564,565
2253,564,566
2254,564,567
2255,564,568
2256,565,566
2257,565,567
2258,565,568
2259,565,569
2260,566,567
2261,566,568
2262,566,569
2263,566,570
2264,567,568
2265,567,569
2266,567,570
2267,567,571
2268,568,569
2269,568,570
2270,568,571
2271,568,572
2272,569,570
2273,569,571
2274,569,572
2275,569,573
2276,570,571
2277,570,572
2278,570,573
2279,570,574
2280,571,572
2281,571,573
2282,571,574
2283,571,575
2284,572,573
2285,572,574
2286,572,575
2287,572,576
2288,573,574
2289,573,575
2290,573,576
2291,573,577
2292,574,575
2293,574,576
2294,574,577
2295,574,578
2296,575,576
2297,575,577
2298,575,578
2299,575,579
2300,576,577
2301,576,578
2302,576,579
2303,576,580
2304,577,578
2305,577,579
2306,577,580
2307,577,581
2308,578,579
2309,578,580
2310,578,581
2311,578,582
2312,579,580
2313,579,581
2314,579,582
2315,579,583
2316,580,581
2317,580,582
2318,580,583
2319,580,584
2320,581,582
2321,581,583
2322,581,584
2323,581,585
2324,582,583
2325,582,584
2326,582,585
2327,582,586
2328,583,584
2329,583,585
2330,583,586
2331,583,587
2332,584,585
2333,584,586
2334,584,587
2335,584,588
2336,585,586
2337,585,587
2338,585,588
2339,585,589
2340,586,587
2341,586,588
2342,586,589
2343,586,590
2344,587,588
2345,587,589
2346,587,590
2347,587,591
2348,588,589
2349,588,590
2350,588,591
2351,588,592
2352,589,590
2353,589,591
2354,589,592
2355,589,593
2356,590,591
2357,590,592
2358,590,593
2359,590,594
2360,591,592
2361,591,593
2362,591,594
2363,591,595
2364,592,593
2365,592,594
2366,592,595
2367,592,596
2368,593,594
2369,593,595
2370,593,596
2371,593,597
2372,594,595
2373,594,596
2374,594,597
2375,594,598
2376,595,596
2377,595,597
2378,595,598
2379,595,599
2380,596,597
2381,596,598
2382,596,599
2383,596,600
2384,597,598
2385,597,599
2386,597,600
2387,597,601
2388,598,599
2389,598,600
2390,598,601
2391,598,602
2392,599,600
2393,599,601
2394,599,602
2395,599,603
2396,600,601
2397,600,602
2398,600,603
2399,600,604
2400,601,602
2401,601,603
2402,601,604
2403,601,605
2404,602,603
2405,602,604
2406,602,605
2407,602,606
2408,603,604
2409,603,605
2410,603,606
2411,603,607
2412,604,605
2413,604,606
2414,604,607
2415,604,608
2416,605,606
2417,605,607
2418,605,608
2419,605,609
2420,606,607
2421,606,608
2422,606,609
2423,606,610
2424,607,608
2425,607,609
2426,607,610
2427,607,611
2428,608,609
2429,608,610
2430,608,611
2431,608,612
2432,609,610
2433,609,611
2434,609,612
2435,609,613
2436,610,611
2437,610,612
2438,610,613
2439,610,614
2440,611,612
2441,611,613
2442,611,614
2443,611,615
2444,612,613
2445,612,614
2446,612,615
2447,612,616
2448,613,614
2449,613,615
2450,613,616
2451,613,617
2452,614,615
2453,614,616
2454,614,617
2455,614,618
2456,615,616
2457,615,617
2458,615,618
2459,615,619
2460,616,617
2461,616,618
2462,616,619
2463,616,620
2464,617,618
2465,617,619
2466,617,620
2467,617,621
2468,618,619
2469,618,620
2470,618,621
2471,618,622
2472,619,620
2473,619,621
2474,619,622
2475,619,623
2476,620,621
2477,620,622
2478,620,623
2479,620,624
2480,621,622
2481,621,623
2482,621,624
2483,621,625
2484,622,623
2485,622,624
2486,622,625
2487,622,626
2488,623,624
2489,623,625
2490,623,626
2491,623,627
2492,624,625
2493,624,626
2494,624,627
2495,624,628
2496,625,626
2497,625,627
2498,625,628
2499,625,629
2500,626,627
2501,626,628
2502,626,629
2503,626,630
2504,627,628
2505,627,629
2506,627,630
2507,627,631
2508,628,629
2509,628,630
2510,628,631
2511,628,632
2512,629,630
2513,629,631
2514,629,632
2515,629,633
2516,630,631
2517,630,632
2518,630,633
2519,630,634
2520,631,632
2521,631,633
2522,631,634
2523,631,635
2524,632,633
2525,632,634
2526,632,635
2527,632,636
2528,633,634
2529,633,635
2530,633,636
2531,633,637
2532,634,635
2533,634,636
2534,634,637
2535,634,638
2536,635,636
2537,635,637
2538,635,638
2539,635,639
2540,636,637
2541,636,638
2542,636,639
2543,636,640
2544,637,638
2545,637,639
2546,637,640
2547,637,641
2548,638,639
2549,638,640
2550,638,641
2551,638,642
2552,639,640
2553,639,641
2554,639,642
2555,639,643
2556,640,641
2557,640,642
2558,640,643
2559,640,644
2560,641,642
2561,641,643
2562,641,644
2563,641,645
2564,642,643
2565,642,644
2566,642,645
2567,642,646
2568,643,644
2569,643,645
2570,643,646
2571,643,647
2572,644,645
2573,644,646
2574,644,647
2575,644,648
2576,645,646
2577,645,647
2578,645,648
2579,645,649
2580,646,647
2581,646,648
2582,646,649
2583,646,650
2584,647,648
2585,647,649
2586,647,650
2587,647,651
2588,648,649
2589,648,650
2590,648,651
2591,648,652
2592,649,650
2593,649,651
2594,649,652
2595,649,653
2596,650,651
2597,650,652
2598,650,653
2599,650,654
2600,651,652
2601,651,653
2602,651,654
2603,651,655
2604,652,653
2605,652,654
2606,652,655
2607,652,656
2608,653,654
2609,653,655
2610,653,656
2611,653,657
2612,654,655
2613,654,656
2614,654,657
2615,654,658
2616,655,656
2617,655,657
2618,655,658
2619,655,659
2620,656,657
2621,656,658
2622,656,659
2623,656,660
2624,657,658
2625,657,659
2626,657,660
2627,657,661
2628,658,659
2629,658,660
2630,658,661
2631,658,662
2632,659,660
2633,659,661
2634,659,662
2635,659,663
2636,660,661
2637,660,662
2638,660,663
2639,660,664
2640,661,662
2641,661,663
2642,661,664
2643,661,665
2644,662,663
2645,662,664
2646,662,665
2647,662,666
2648,663,664
2649,663,665
2650,663,666
2651,663,667
2652,664,665
2653,664,666
2654,664,667
2655,664,668
2656,665,666
2657,665,667
2658,665,668
2659,665,669
2660,666,667
2661,666,668
2662,666,669
2663,666,670
2664,667,668
2665,667,669
2666,667,670
2667,667,671
2668,668,669
2669,668,670
2670,668,671
2671,668,672
2672,669,670
2673,669,671
2674,669,672
2675,669,673
2676,670,671
2677,670,672
2678,670,673
2679,670,674
2680,671,672
2681,671,673
2682,671,674
2683,671,675
2684,672,673
2685,672,674
2686,672,675
2687,672,676
2688,673,674
2689,673,675
2690,673,676
2691,673,677
2692,674,675
2693,674,676
2694,674,677
2695,674,678
2696,675,676
2697,675,677
2698,675,678
2699,675,679
2700,676,677
2701,676,678
2702,676,679
2703,676,680
2704,677,678
2705,677,679
2706,677,680
2707,677,681
2708,678,679
2709,678,680
2710,678,681
2711,678,682
2712,679,680
2713,679,681
2714,679,682
2715,679,683
2716,680,681
2717,680,682
2718,680,683
2719,680,684
2720,681,682
2721,681,683
2722,681,684
2723,681,685
2724,682,683
2725,682,684
2726,682,685
2727,682,686
2728,683,684
2729,683,685
2730,683,686
2731,683,687
2732,684,685
2733,684,686
2734,684,687
2735,684,688
2736,685,686
2737,685,687
2738,685,688
2739,685,689
2740,686,687
2741,686,688
2742,686,689
2743,686,690
2744,687,688
2745,687,689
2746,687,690
2747,687,691
2748,688,689
2749,688,690
2750,688,691
2751,688,692
2752,689,690
2753,689,691
2754,689,692
2755,689,693
2756,690,691
2757,690,692
2758,690,693
2759,690,694
2760,691,692
2761,691,693
2762,691,694
2763,691,695
2764,692,693
2765,692,694
2766,692,695
2767,692,696
2768,693,694
2769,693,695
2770,693,696
2771,693,697
2772,694,695
2773,694,696
2774,694,697
2775,694,698
2776,695,696
2777,695,697
2778,695,698
2779,695,699
2780,696,697
2781,696,698
2782,696,699
2783,696,700
2784,697,698
2785,697,699
2786,697,700
2787,697,701
2788,698,699
2789,698,700
2790,698,701
2791,698,702
2792,699,700
2793,699,701
2794,699,702
2795,699,703
2796,700,701
2797,700,702
2798,700,703
2799,700,704
2800,701,702
2801,701,703
2802,701,704
2803,701,705
2804,702,703
2805,702,704
2806,702,705
2807,702,706
2808,703,704
2809,703,705
2810,703,706
2811,703,707
2812,704,705
2813,704,706
2814,704,707
2815,704,708
2816,705,706
2817,705,707
2818,705,708
2819,705,709
2820,706,707
2821,706,708
2822,706,709
2823,706,710
2824,707,708
2825,707,709
2826,707,710
2827,707,711
2828,708,709
2829,708,710
2830,708,711
2831,708,712
2832,709,710
2833,709,711
2834,709,712
2835,709,713
2836,710,711
2837,710,712
2838,710,713
2839,710,714
2840,711,712
2841,711,713
2842,711,714
2843,711,715
2844,712,713
2845,712,714
2846,712,715
2847,712,716
2848,713,714
2849,713,715
2850,713,716
2851,713,717
2852,714,715
2853,714,716
2854,714,717
2855,714,718
2856,715,716
2857,715,717
2858,715,718
2859,715,719
2860,716,717
2861,716,718
2862,716,719
2863,716,720
2864,717,718
2865,717,719
2866,717,720
2867,717,721
2868,718,719
2869,718,720
2870,718,721
2871,718,722
2872,719,720
2873,719,721
2874,719,722
2875,719,723
2876,720,721
2877,720,722
2878,720,723
2879,720,724
2880,721,722
2881,721,723
2882,721,724
2883,721,725
2884,722,723
2885,722,724
2886,722,725
2887,722,726
2888,723,724
2889,723,725
2890,723,726
2891,723,727
2892,724,725
2893,724,726
2894,724,727
2895,724,728
2896,725,726
2897,725,727
2898,725,728
2899,725,729
2900,726,727
2901,726,728
2902,726,729
2903,726,730
2904,727,728
2905,727,729
2906,727,730
2907,727,731
2908,728,729
2909,728,730
2910,728,731
2911,728,732
2912,729,730
2913,729,731
2914,729,732
2915,729,733
2916,730,731
2917,730,732
2918,730,733
2919,730,734
2920,731,732
2921,731,733
2922,731,734
2923,731,735
2924,732,733
2925,732,734
2926,732,735
2927,732,736
2928,733,734
2929,733,735
2930,733,736
2931,733,737
2932,734,735
2933,734,736
2934,734,737
2935,734,738
2936,735,736
2937,735,737
2938,735,738
2939,735,739
2940,736,737
2941,736,738
2942,736,739
2943,736,740
2944,737,738
2945,737,739
2946,737,740
2947,737,741
2948,738,739
2949,738,740
2950,738,741
2951,738,742
2952,739,740
2953,739,741
2954,739,742
2955,739,743
2956,740,741
2957,740,742
2958,740,743
2959,740,744
2960,741,742
2961,741,743
2962,741,744
2963,741,745
2964,742,743
2965,742,744
2966,742,745
2967,742,746
2968,743,744
2969,743,745
2970,743,746
2971,743,747
2972,744,745
2973,744,746
2974,744,747
2975,744,748
2976,745,746
2977,745,747
2978,745,748
2979,745,749
2980,746,747
2981,746,748
2982,746,749
2983,746,750
2984,747,748
2985,747,749
2986,747,750
2987,747,751
2988,748,749
2989,748,750
2990,748,751
2991,748,752
2992,749,750
2993,749,751
2994,749,752
2995,749,753
2996,750,751
2997,750,752
2998,750,753
2999,750,754
3000,751,752
3001,751,753
3002,751,754
3003,751,755
3004,752,753
3005,752,754
3006,752,755
3007,752,756
3008,753,754
3009,753,755
3010,753,756
3011,753,757
3012,754,755
3013,754,756
3014,754,757
3015,754,758
3016,755,756
3017,755,757
3018,755,758
3019,755,759
3020,756,757
3021,756,758
3022,756,759
3023,756,760
3024,757,758
3025,757,759
3026,757,760
3027,757,761
3028,758,759
3029,758,760
3030,758,761
3031,758,762
3032,759,760
3033,759,761
3034,759,762
3035,759,763
3036,760,761
3037,760,762
3038,760,763
3039,760,764
3040,761,762
3041,761,763
3042,761,764
3043,761,765
3044,762,763
3045,762,764
3046,762,765
3047,762,766
3048,763,764
3049,763,765
3050,763,766
3051,763,767
3052,764,765
3053,764,766
3054,764,767
3055,764,768
3056,765,766
3057,765,767
3058,765,768
3059,765,769
3060,766,767
3061,766,768
3062,766,769
3063,766,770
3064,767,768
3065,767,769
3066,767,770
3067,767,771
3068,768,769
3069,768,770
3070,768,771
3071,768,772
3072,769,770
3073,769,771
3074,769,772
3075,769,773
3076,770,771
3077,770,772
3078,770,773
3079,770,774
3080,771,772
3081,771,773
3082,771,774
3083,771,775
3084,772,773
3085,772,774
3086,772,775
3087,772,776
3088,773,774
3089,773,775
3090,773,776
3091,773,777
3092,774,775
3093,774,776
3094,774,777
3095,774,778
3096,775,776
3097,775,777
3098,775,778
3099,775,779
3100,776,777
3101,776,778
3102,776,779
3103,776,780
3104,777,778
3105,777,779
3106,777,780
3107,777,781
3108,778,779
3109,778,780
3110,778,781
3111,778,782
3112,779,780
3113,779,781
3114,779,782
3115,779,783
3116,780,781
3117,780,782
3118,780,783
3119,780,784
3120,781,782
3121,781,783
3122,781,784
3123,781,785
3124,782,783
3125,782,784
3126,782,785
3127,782,786
3128,783,784
3129,783,785
3130,783,786
3131,783,787
3132,784,785
3133,784,786
3134,784,787
3135,784,788
3136,785,786
3137,785,787
3138,785,788
3139,785,789
3140,786,787
3141,786,788
3142,786,789
3143,786,790
3144,787,788
3145,787,789
3146,787,790
3147,787,791
3148,788,789
3149,788,790
3150,788,791
3151,788,792
3152,789,790
3153,789,791
3154,789,792
3155,789,793
3156,790,791
3157,790,792
3158,790,793
3159,790,794
3160,791,792
3161,791,793
3162,791,794
3163,791,795
3164,792,793
3165,792,794
3166,792,795
3167,792,796
3168,793,794
3169,793,795
3170,793,796
3171,793,797
3172,794,795
3173,794,796
3174,794,797
3175,794,798
3176,795,796
3177,795,797
3178,795,798
3179,795,799
3180,796,797
3181,796,798
3182,796,799
3183,796,800
3184,797,798
3185,797,799
3186,797,800
3187,797,801
3188,798,799
3189,798,800
3190,798,801
3191,798,802
3192,799,800
3193,799,801
3194,799,802
3195,799,803
3196,800,801
3197,800,802
3198,800,803
3199,800,804
3200,801,802
3201,801,803
3202,801,804
3203,801,805
3204,802,803
3205,802,804
3206,802,805
3207,802,806
3208,803,804
3209,803,805
3210,803,806
3211,803,807
3212,804,805
3213,804,806
3214,804,807
3215,804,808
3216,805,806
3217,805,807
3218,805,808
3219,805,809
3220,806,807
3221,806,808
3222,806,809
3223,806,810
3224,807,808
3225,807,809
3226,807,810
3227,807,811
3228,808,809
3229,808,810
3230,808,811
3231,808,812
3232,809,810
3233,809,811
3234,809,812
3235,809,813
3236,810,811
3237,810,812
3238,810,813
3239,810,814
3240,811,812
3241,811,813
3242,811,814
3243,811,815
3244,812,813
3245,812,814
3246,812,815
3247,812,816
3248,813,814
3249,813,815
3250,813,816
3251,813,817
3252,814,815
3253,814,816
3254,814,817
3255,814,818
3256,815,816
3257,815,817
3258,815,818
3259,815,819
3260,816,817
3261,816,818
3262,816,819
3263,816,820
3264,817,818
3265,817,819
3266,817,820
3267,817,821
3268,818,819
3269,818,820
3270,818,821
3271,818,822
3272,819,820
3273,819,821
3274,819,822
3275,819,823
3276,820,821
3277,820,822
3278,820,823
3279,820,824
3280,821,822
3281,821,823
3282,821,824
3283,821,825
3284,822,823
3285,822,824
3286,822,825
3287,822,826
3288,823,824
3289,823,825
3290,823,826
3291,823,827
3292,824,825
3293,824,826
3294,824,827
3295,824,828
3296,825,826
3297,825,827
3298,825,828
3299,825,829
3300,826,827
3301,826,828
3302,826,829
3303,826,830
3304,827,828
3305,827,829
3306,827,830
3307,827,831
3308,828,829
3309,828,830
3310,828,831
3311,828,832
3312,829,830
3313,829,831
3314,829,832
3315,829,833
3316,830,831
3317,830,832
3318,830,833
3319,830,834
3320,831,832
3321,831,833
3322,831,834
3323,831,835
3324,832,833
3325,832,834
3326,832,835
3327,832,836
3328,833,834
3329,833,835
3330,833,836
3331,833,837
3332,834,835
3333,834,836
3334,834,837
3335,834,838
3336,835,836
3337,835,837
3338,835,838
3339,835,839
3340,836,837
3341,836,838
3342,836,839
3343,836,840
3344,837,838
3345,837,839
3346,837,840
3347,837,841
3348,838,839
3349,838,840
3350,838,841
3351,838,842
3352,839,840
3353,839,841
3354,839,842
3355,839,843
3356,840,841
3357,840,842
3358,840,843
3359,840,844
3360,841,842
3361,841,843
3362,841,844
3363,841,845
3364,842,843
3365,842,844
3366,842,845
3367,842,846
3368,843,844
3369,843,845
3370,843,846
3371,843,847
3372,844,845
3373,844,846
3374,844,847
3375,844,848
3376,845,846
3377,845,847
3378,845,848
3379,845,849
3380,846,847
3381,846,848
3382,846,849
3383,846,850
3384,847,848
3385,847,849
3386,847,850
3387,847,851
3388,848,849
3389,848,850
3390,848,851
3391,848,852
3392,849,850
3393,849,851
3394,849,852
3395,849,853
3396,850,851
3397,850,852
3398,850,853
3399,850,854
3400,851,852
3401,851,853
3402,851,854
3403,851,855
3404,852,853
3405,852,854
3406,852,855
3407,852,856
3408,853,854
3409,853,855
3410,853,856
3411,853,857
3412,854,855
3413,854,856
3414,854,857
3415,854,858
3416,855,856
3417,855,857
3418,855,858
3419,855,859
3420,856,857
3421,856,858
3422,856,859
3423,856,860
3424,857,858
3425,857,859
3426,857,860
3427,857,861
3428,858,859
3429,858,860
3430,858,861
3431,858,862
3432,859,860
3433,859,861
3434,859,862
3435,859,863
3436,860,861
3437,860,862
3438,860,863
3439,860,864
3440,861,862
3441,861,863
3442,861,864
3443,861,865
3444,862,863
3445,862,864
3446,862,865
3447,862,866
3448,863,864
3449,863,865
3450,863,866
3451,863,867
3452,864,865
3453,864,866
3454,864,867
3455,864,868
3456,865,866
3457,865,867
3458,865,868
3459,865,869
3460,866,867
3461,866,868
3462,866,869
3463,866,870
3464,867,868
3465,867,869
3466,867,870
3467,867,871
3468,868,869
3469,868,870
3470,868,871
3471,868,872
3472,869,870
3473,869,871
3474,869,872
3475,869,873
3476,870,871
3477,870,872
3478,870,873
3479,870,874
3480,871,872
3481,871,873
3482,871,874
3483,871,875
3484,872,873
3485,872,874
3486,872,875
3487,872,876
3488,873,874
3489,873,875
3490,873,876
3491,873,877
3492,874,875
3493,874,876
3494,874,877
3495,874,878
3496,875,876
3497,875,877
3498,875,878
3499,875,879
3500,876,877
3501,876,878
3502,876,879
3503,876,880
3504,877,878
3505,877,879
3506,877,880
3507,877,881
3508,878,879
3509,878,880
3510,878,881
3511,878,882
3512,879,880
3513,879,881
3514,879,882
3515,879,883
3516,880,881
3517,880,882
3518,880,883
3519,880,884
3520,881,882
3521,881,883
3522,881,884
3523,881,885
3524,882,883
3525,882,884
3526,882,885
3527,882,886
3528,883,884
3529,883,885
3530,883,886
3531,883,887
3532,884,885
3533,884,886
3534,884,887
3535,884,888
3536,885,886
3537,885,887
3538,885,888
3539,885,889
3540,886,887
3541,886,888
3542,886,889
3543,886,890
3544,887,888
3545,887,889
3546,887,890
3547,887,891
3548,888,889
3549,888,890
3550,888,891
3551,888,892
3552,889,890
3553,889,891
3554,889,892
3555,889,893
3556,890,891
3557,890,892
3558,890,893
3559,890,894
3560,891,892
3561,891,893
3562,891,894
3563,891,895
3564,892,893
3565,892,894
3566,892,895
3567,892,896
3568,893,894
3569,893,895
3570,893,896
3571,893,897
3572,894,895
3573,894,896
3574,894,897
3575,894,898
3576,895,896
3577,895,897
3578,895,898
3579,895,899
3580,896,897
3581,896,898
3582,896,899
3583,896,900
3584,897,898
3585,897,899
3586,897,900
3587,897,901
3588,898,899
3589,898,900
3590,898,901
3591,898,902
3592,899,900
3593,899,901
3594,899,902
3595,899,903
3596,900,901
3597,900,902
3598,900,903
3599,900,904
3600,901,902
3601,901,903
3602,901,904
3603,901,905
3604,902,903
3605,902,904
3606,902,905
3607,902,906
3608,903,904
3609,903,905
3610,903,906
3611,903,907
3612,904,905
3613,904,906
3614,904,907
3615,904,908
3616,905,906
3617,905,907
3618,905,908
3619,905,909
3620,906,907
3621,906,908
3622,906,909
3623,906,910
3624,907,908
3625,907,909
3626,907,910
3627,907,911
3628,908,909
3629,908,910
3630,908,911
3631,908,912
3632,909,910
3633,909,911
3634,909,912
3635,909,913
3636,910,911
3637,910,912
3638,910,913
3639,910,914
3640,911,912
3641,911,913
3642,911,914
3643,911,915
3644,912,913
3645,912,914
3646,912,915
3647,912,916
3648,913,914
3649,913,915
3650,913,916
3651,913,917
3652,914,915
3653,914,916
3654,914,917
3655,914,918
3656,915,916
3657,915,917
3658,915,918
3659,915,919
3660,916,917
3661,916,918
3662,916,919
3663,916,920
3664,917,918
3665,917,919
3666,917,920
3667,917,921
3668,918,919
3669,918,920
3670,918,921
3671,918,922
3672,919,920
3673,919,921
3674,919,922
3675,919,923
3676,920,921
3677,920,922
3678,920,923
3679,920,924
3680,921,922
3681,921,923
3682,921,924
3683,921,925
3684,922,923
3685,922,924
3686,922,925
3687,922,926
3688,923,924
3689,923,925
3690,923,926
3691,923,927
3692,924,925
3693,924,926
3694,924,927
3695,924,928
3696,925,926
3697,925,927
3698,925,928
3699,925,929
3700,926,927
3701,926,928
3702,926,929
3703,926,930
3704,927,928
3705,927,929
3706,927,930
3707,927,931
3708,928,929
3709,928,930
3710,928,931
3711,928,932
3712,929,930
3713,929,931
3714,929,932
3715,929,933
3716,930,931
3717,930,932
3718,930,933
3719,930,934
3720,931,932
3721,931,933
3722,931,934
3723,931,935
3724,932,933
3725,932,934
3726,932,935
3727,932,936
3728,933,934
3729,933,935
3730,933,936
3731,933,937
3732,934,935
3733,934,936
3734,934,937
3735,934,938
3736,935,936
3737,935,937
3738,935,938
3739,935,939
3740,936,937
3741,936,938
3742,936,939
3743,936,940
3744,937,938
3745,937,939
3746,937,940
3747,937,941
3748,938,939
3749,938,940
3750,938,941
3751,938,942
3752,939,940
3753,939,941
3754,939,942
3755,939,943
3756,940,941
3757,940,942
3758,940,943
3759,940,944
3760,941,942
3761,941,943
3762,941,944
3763,941,945
3764,942,943
3765,942,944
3766,942,945
3767,942,946
3768,943,944
3769,943,945
3770,943,946
3771,943,947
3772,944,945
3773,944,946
3774,944,947
3775,944,948
3776,945,946
3777,945,947
3778,945,948
3779,945,949
3780,946,947
3781,946,948
3782,946,949
3783,946,950
3784,947,948
3785,947,949
3786,947,950
3787,947,951
3788,948,949
3789,948,950
3790,948,951
3791,948,952
3792,949,950
3793,949,951
3794,949,952
3795,949,953
3796,950,951
3797,950,952
3798,950,953
3799,950,954
3800,951,952
3801,951,953
3802,951,954
3803,951,955
3804,952,953
3805,952,954
3806,952,955
3807,952,956
3808,953,954
3809,953,955
3810,953,956
3811,953,957
3812,954,955
3813,954,956
3814,954,957
3815,954,958
3816,955,956
3817,955,957
3818,955,958
3819,955,959
3820,956,957
3821,956,958
3822,956,959
3823,956,960
3824,957,958
3825,957,959
3826,957,960
3827,957,961
3828,958,959
3829,958,960
3830,958,961
3831,958,962
3832,959,960
3833,959,961
3834,959,962
3835,959,963
3836,960,961
3837,960,962
3838,960,963
3839,960,964
3840,961,962
3841,961,963
3842,961,964
3843,961,965
3844,962,963
3845,962,964
3846,962,965
3847,962,966
3848,963,964
3849,963,965
3850,963,966
3851,963,967
3852,964,965
3853,964,966
3854,964,967
3855,964,968
3856,965,966
3857,965,967
3858,965,968
3859,965,969
3860,966,967
3861,966,968
3862,966,969
3863,966,970
3864,967,968
3865,967,969
3866,967,970
3867,967,971
3868,968,969
3869,968,970
3870,968,971
3871,968,972
3872,969,970
3873,969,971
3874,969,972
3875,969,973
3876,970,971
3877,970,972
3878,970,973
3879,970,974
3880,971,972
3881,971,973
3882,971,974
3883,971,975
3884,972,973
3885,972,974
3886,972,975
3887,972,976
3888,973,974
3889,973,975
3890,973,976
3891,973,977
3892,974,975
3893,974,976
3894,974,977
3895,974,978
3896,975,976
3897,975,977
3898,975,978
3899,975,979
3900,976,977
3901,976,978
3902,976,979
3903,976,980
3904,977,978
3905,977,979
3906,977,980
3907,977,981
3908,978,979
3909,978,980
3910,978,981
3911,978,982
3912,979,980
3913,979,981
3914,979,982
3915,979,983
3916,980,981
3917,980,982
3918,980,983
3919,980,984
3920,981,982
3921,981,983
3922,981,984
3923,981,985
3924,982,983
3925,982,984
3926,982,985
3927,982,986
3928,983,984
3929,983,985
3930,983,986
3931,983,987
3932,984,985
3933,984,986
3934,984,987
3935,984,988
3936,985,986
3937,985,987
3938,985,988
3939,985,989
3940,986,987
3941,986,988
3942,986,989
3943,986,990
3944,987,988
3945,987,989
3946,987,990
3947,987,991
3948,988,989
3949,988,990
3950,988,991
3951,988,992
3952,989,990
3953,989,991
3954,989,992
3955,989,993
3956,990,991
3957,990,992
3958,990,993
3959,990,994
3960,991,992
3961,991,993
3962,991,994
3963,991,995
3964,992,993
3965,992,994
3966,992,995
3967,992,996
3968,993,994
3969,993,995
3970,993,996
3971,993,997
3972,994,995
3973,994,996
3974,994,997
3975,994,998
3976,995,996
3977,995,997
3978,995,998
3979,995,999
3980,996,997
3981,996,998
3982,996,999
3983,996,1000
3984,997,998
3985,997,999
3986,997,1000
3987,997,9
3988,998,999
3989,998,1000
3990,998,9
3991,998,7
3992,999,1000
3993,999,9
3994,999,7
3995,999,5
3996,1000,9
3997,1000,7
3998,1000,5
3999,1000,3
